id_contenuto,categoria,tipologia
1,Storia fantasy,Video
2,Storia divertente,Immagine
3,Storia d'amore,Video
4,Storia fantasy,Immagine
5,Storia d'amore,Canzone
6,Storia divertente,Canzone
7,Storia divertente,Immagine
8,Storia d'amore,Canzone
9,Storia divertente,Testo
10,Storia drammatica,Video
11,Storia divertente,Immagine
12,Storia drammatica,Testo
13,Storia avventurosa,Video
14,Storia fantasy,Canzone
15,Storia d'amore,Canzone
16,Storia avventurosa,Immagine
17,Storia d'amore,Testo
18,Storia d'amore,Canzone
19,Storia d'amore,Canzone
20,Storia divertente,Testo
21,Storia drammatica,Canzone
22,Storia fantasy,Video
23,Storia d'amore,Canzone
24,Storia divertente,Testo
25,Storia avventurosa,Immagine
26,Storia fantasy,Canzone
27,Storia divertente,Video
28,Storia d'amore,Canzone
29,Storia divertente,Testo
30,Storia d'amore,Testo
31,Storia d'amore,Immagine
32,Storia avventurosa,Canzone
33,Storia d'amore,Testo
34,Storia drammatica,Canzone
35,Storia divertente,Canzone
36,Storia fantasy,Video
37,Storia fantasy,Canzone
38,Storia drammatica,Video
39,Storia drammatica,Testo
40,Storia fantasy,Video
41,Storia divertente,Canzone
42,Storia drammatica,Video
43,Storia divertente,Testo
44,Storia avventurosa,Canzone
45,Storia avventurosa,Testo
46,Storia divertente,Immagine
47,Storia drammatica,Video
48,Storia avventurosa,Immagine
49,Storia d'amore,Testo
50,Storia d'amore,Immagine
51,Storia fantasy,Canzone
52,Storia fantasy,Immagine
53,Storia fantasy,Immagine
54,Storia avventurosa,Testo
55,Storia d'amore,Canzone
56,Storia drammatica,Video
57,Storia d'amore,Canzone
58,Storia d'amore,Testo
59,Storia drammatica,Immagine
60,Storia avventurosa,Canzone
61,Storia avventurosa,Immagine
62,Storia avventurosa,Immagine
63,Storia avventurosa,Testo
64,Storia d'amore,Canzone
65,Storia drammatica,Testo
66,Storia drammatica,Canzone
67,Storia drammatica,Canzone
68,Storia drammatica,Canzone
69,Storia avventurosa,Immagine
70,Storia d'amore,Canzone
71,Storia fantasy,Video
72,Storia d'amore,Immagine
73,Storia d'amore,Immagine
74,Storia d'amore,Testo
75,Storia fantasy,Canzone
76,Storia drammatica,Immagine
77,Storia fantasy,Video
78,Storia d'amore,Testo
79,Storia drammatica,Immagine
80,Storia drammatica,Immagine
81,Storia d'amore,Testo
82,Storia drammatica,Video
83,Storia fantasy,Canzone
84,Storia d'amore,Canzone
85,Storia d'amore,Video
86,Storia avventurosa,Immagine
87,Storia fantasy,Testo
88,Storia fantasy,Immagine
89,Storia d'amore,Immagine
90,Storia d'amore,Video
91,Storia fantasy,Testo
92,Storia avventurosa,Video
93,Storia divertente,Video
94,Storia divertente,Video
95,Storia divertente,Canzone
96,Storia drammatica,Video
97,Storia fantasy,Testo
98,Storia fantasy,Video
99,Storia avventurosa,Canzone
100,Storia avventurosa,Testo
